state;county
Delaware;Kent County
Delaware;New Castle County
Delaware;Sussex County
Indiana;Adams County
Indiana;Allen County
Indiana;Bartholomew County
Indiana;Benton County
Indiana;Blackford County
Indiana;Boone County
Indiana;Brown County
Indiana;Carroll County
Indiana;Cass County
Indiana;Clark County
Indiana;Clay County
Indiana;Clinton County
Indiana;Crawford County
Indiana;Daviess County
Indiana;Dearborn County
Indiana;Decatur County
Indiana;DeKalb County
Indiana;Delaware County
Indiana;Dubois County
Indiana;Elkhart County
Indiana;Fayette County
Indiana;Floyd County
Indiana;Fountain County
Indiana;Franklin County
Indiana;Fulton County
Indiana;Gibson County
Indiana;Grant County
Indiana;Greene County
Indiana;Hamilton County
Indiana;Hancock County
Indiana;Harrison County
Indiana;Hendricks County
Indiana;Henry County
Indiana;Howard County
Indiana;Huntington County
Indiana;Jackson County
Indiana;Jasper County
Indiana;Jay County
Indiana;Jefferson County
Indiana;Jennings County
Indiana;Johnson County
Indiana;Knox County
Indiana;Kosciusko County
Indiana;LaGrange County
Indiana;Lake County
Indiana;LaPorte County
Indiana;Lawrence County
Indiana;Madison County
Indiana;Marion County
Indiana;Marshall County
Indiana;Martin County
Indiana;Miami County
Indiana;Monroe County
Indiana;Montgomery County
Indiana;Morgan County
Indiana;Newton County
Indiana;Noble County
Indiana;Ohio County
Indiana;Orange County
Indiana;Owen County
Indiana;Parke County
Indiana;Perry County
Indiana;Pike County
Indiana;Porter County
Indiana;Posey County
Indiana;Pulaski County
Indiana;Putnam County
Indiana;Randolph County
Indiana;Ripley County
Indiana;Rush County
Indiana;St. Joseph County
Indiana;Scott County
Indiana;Shelby County
Indiana;Spencer County
Indiana;Starke County
Indiana;Steuben County
Indiana;Sullivan County
Indiana;Switzerland County
Indiana;Tippecanoe County
Indiana;Tipton County
Indiana;Union County
Indiana;Vanderburgh County
Indiana;Vermillion County
Indiana;Vigo County
Indiana;Wabash County
Indiana;Warren County
Indiana;Warrick County
Indiana;Washington County
Indiana;Wayne County
Indiana;Wells County
Indiana;White County
Indiana;Whitley County
Missouri;Adair County
Missouri;Andrew County
Missouri;Atchison County
Missouri;Audrain County
Missouri;Barry County
Missouri;Barton County
Missouri;Bates County
Missouri;Benton County
Missouri;Bollinger County
Missouri;Boone County
Missouri;Buchanan County
Missouri;Butler County
Missouri;Caldwell County
Missouri;Callaway County
Missouri;Camden County
Missouri;Cape Girardeau County
Missouri;Carroll County
Missouri;Carter County
Missouri;Cass County
Missouri;Cedar County
Missouri;Chariton County
Missouri;Christian County
Missouri;Clark County
Missouri;Clay County
Missouri;Clinton County
Missouri;Cole County
Missouri;Cooper County
Missouri;Crawford County
Missouri;Dade County
Missouri;Dallas County
Missouri;Daviess County
Missouri;DeKalb County
Missouri;Dent County
Missouri;Douglas County
Missouri;Dunklin County
Missouri;Franklin County
Missouri;Gasconade County
Missouri;Gentry County
Missouri;Greene County
Missouri;Grundy County
Missouri;Harrison County
Missouri;Henry County
Missouri;Hickory County
Missouri;Holt County
Missouri;Howard County
Missouri;Howell County
Missouri;Iron County
Missouri;Jackson County
Missouri;Jasper County
Missouri;Jefferson County
Missouri;Johnson County
Missouri;Knox County
Missouri;Laclede County
Missouri;Lafayette County
Missouri;Lawrence County
Missouri;Lewis County
Missouri;Lincoln County
Missouri;Linn County
Missouri;Livingston County
Missouri;McDonald County
Missouri;Macon County
Missouri;Madison County
Missouri;Maries County
Missouri;Marion County
Missouri;Mercer County
Missouri;Miller County
Missouri;Mississippi County
Missouri;Moniteau County
Missouri;Monroe County
Missouri;Montgomery County
Missouri;Morgan County
Missouri;New Madrid County
Missouri;Newton County
Missouri;Nodaway County
Missouri;Oregon County
Missouri;Osage County
Missouri;Ozark County
Missouri;Pemiscot County
Missouri;Perry County
Missouri;Pettis County
Missouri;Phelps County
Missouri;Pike County
Missouri;Platte County
Missouri;Polk County
Missouri;Pulaski County
Missouri;Putnam County
Missouri;Ralls County
Missouri;Randolph County
Missouri;Ray County
Missouri;Reynolds County
Missouri;Ripley County
Missouri;St. Charles County
Missouri;St. Clair County
Missouri;Ste. Genevieve County
Missouri;St. Francois County
Missouri;St. Louis County
Missouri;Saline County
Missouri;Schuyler County
Missouri;Scotland County
Missouri;Scott County
Missouri;Shannon County
Missouri;Shelby County
Missouri;Stoddard County
Missouri;Stone County
Missouri;Sullivan County
Missouri;Taney County
Missouri;Texas County
Missouri;Vernon County
Missouri;Warren County
Missouri;Washington County
Missouri;Wayne County
Missouri;Webster County
Missouri;Worth County
Missouri;Wright County
Missouri;St. Louis city
Montana;Beaverhead County
Montana;Big Horn County
Montana;Blaine County
Montana;Broadwater County
Montana;Carbon County
Montana;Carter County
Montana;Cascade County
Montana;Chouteau County
Montana;Custer County
Montana;Daniels County
Montana;Dawson County
Montana;Deer Lodge County
Montana;Fallon County
Montana;Fergus County
Montana;Flathead County
Montana;Gallatin County
Montana;Garfield County
Montana;Glacier County
Montana;Golden Valley County
Montana;Granite County
Montana;Hill County
Montana;Jefferson County
Montana;Judith Basin County
Montana;Lake County
Montana;Lewis and Clark County
Montana;Liberty County
Montana;Lincoln County
Montana;McCone County
Montana;Madison County
Montana;Meagher County
Montana;Mineral County
Montana;Missoula County
Montana;Musselshell County
Montana;Park County
Montana;Petroleum County
Montana;Phillips County
Montana;Pondera County
Montana;Powder River County
Montana;Powell County
Montana;Prairie County
Montana;Ravalli County
Montana;Richland County
Montana;Roosevelt County
Montana;Rosebud County
Montana;Sanders County
Montana;Sheridan County
Montana;Silver Bow County
Montana;Stillwater County
Montana;Sweet Grass County
Montana;Teton County
Montana;Toole County
Montana;Treasure County
Montana;Valley County
Montana;Wheatland County
Montana;Wibaux County
Montana;Yellowstone County
New Hampshire;Alton
New Hampshire;Barnstead
New Hampshire;Belmont
New Hampshire;Center Harbor
New Hampshire;Gilford
New Hampshire;Gilmanton
New Hampshire;Laconia
New Hampshire;Meredith
New Hampshire;New Hampton
New Hampshire;Sanbornton
New Hampshire;Tilton
New Hampshire;Albany
New Hampshire;Bartlett
New Hampshire;Brookfield
New Hampshire;Chatham
New Hampshire;Conway
New Hampshire;Eaton
New Hampshire;Effingham
New Hampshire;Freedom
New Hampshire;Harts Location
New Hampshire;Jackson
New Hampshire;Madison
New Hampshire;Moultonborough
New Hampshire;Ossipee
New Hampshire;Sandwich
New Hampshire;Tamworth
New Hampshire;Tuftonboro
New Hampshire;Wakefield
New Hampshire;Wolfeboro
New Hampshire;Alstead
New Hampshire;Chesterfield
New Hampshire;Dublin
New Hampshire;Fitzwilliam
New Hampshire;Gilsum
New Hampshire;Harrisville
New Hampshire;Hinsdale
New Hampshire;Jaffrey
New Hampshire;Keene
New Hampshire;Marlborough
New Hampshire;Marlow
New Hampshire;Nelson
New Hampshire;Richmond
New Hampshire;Rindge
New Hampshire;Roxbury
New Hampshire;Stoddard
New Hampshire;Sullivan
New Hampshire;Surry
New Hampshire;Swanzey
New Hampshire;Troy
New Hampshire;Walpole
New Hampshire;Westmoreland
New Hampshire;Winchester
New Hampshire;Berlin
New Hampshire;Carroll
New Hampshire;Clarksville
New Hampshire;Colebrook
New Hampshire;Columbia
New Hampshire;Dalton
New Hampshire;Dixville
New Hampshire;Dummer
New Hampshire;Errol
New Hampshire;Gorham
New Hampshire;Jefferson
New Hampshire;Lancaster
New Hampshire;Milan
New Hampshire;Millsfield
New Hampshire;Northumberland
New Hampshire;Pittsburg
New Hampshire;Randolph
New Hampshire;Shelburne
New Hampshire;Stark
New Hampshire;Stewartstown
New Hampshire;Stratford
New Hampshire;Wentworth's Location
New Hampshire;Whitefield
New Hampshire;Alexandria
New Hampshire;Ashland
New Hampshire;Bath
New Hampshire;Benton
New Hampshire;Bethlehem
New Hampshire;Bridgewater
New Hampshire;Bristol
New Hampshire;Campton
New Hampshire;Canaan
New Hampshire;Dorchester
New Hampshire;Easton
New Hampshire;Ellsworth
New Hampshire;Enfield
New Hampshire;Franconia
New Hampshire;Grafton
New Hampshire;Groton
New Hampshire;Hanover
New Hampshire;Haverhill
New Hampshire;Hebron
New Hampshire;Holderness
New Hampshire;Landaff
New Hampshire;Lebanon
New Hampshire;Lincoln
New Hampshire;Lisbon
New Hampshire;Littleton
New Hampshire;Lyman
New Hampshire;Lyme
New Hampshire;Monroe
New Hampshire;Orange
New Hampshire;Orford
New Hampshire;Piermont
New Hampshire;Plymouth
New Hampshire;Rumney
New Hampshire;Sugar Hill
New Hampshire;Thornton
New Hampshire;Warren
New Hampshire;Waterville
New Hampshire;Wentworth
New Hampshire;Woodstock
New Hampshire;Amherst
New Hampshire;Antrim
New Hampshire;Bedford
New Hampshire;Bennington
New Hampshire;Brookline
New Hampshire;Deering
New Hampshire;Francestown
New Hampshire;Goffstown
New Hampshire;Greenfield
New Hampshire;Greenville
New Hampshire;Hancock
New Hampshire;Hillsborough
New Hampshire;Hollis
New Hampshire;Hudson
New Hampshire;Litchfield
New Hampshire;Lyndeborough
New Hampshire;Manchester
New Hampshire;Mason
New Hampshire;Merrimack
New Hampshire;Milford
New Hampshire;Mont Vernon
New Hampshire;Nashua
New Hampshire;New Boston
New Hampshire;New Ipswich
New Hampshire;Pelham
New Hampshire;Peterborough
New Hampshire;Sharon
New Hampshire;Temple
New Hampshire;Weare
New Hampshire;Wilton
New Hampshire;Windsor
New Hampshire;Allenstown
New Hampshire;Andover
New Hampshire;Boscawen
New Hampshire;Bow
New Hampshire;Bradford
New Hampshire;Canterbury
New Hampshire;Chichester
New Hampshire;Concord
New Hampshire;Danbury
New Hampshire;Dunbarton
New Hampshire;Epsom
New Hampshire;Franklin
New Hampshire;Henniker
New Hampshire;Hill
New Hampshire;Hooksett
New Hampshire;Hopkinton
New Hampshire;Loudon
New Hampshire;Newbury
New Hampshire;New London
New Hampshire;Northfield
New Hampshire;Pembroke
New Hampshire;Pittsfield
New Hampshire;Salisbury
New Hampshire;Sutton
New Hampshire;Warner
New Hampshire;Webster
New Hampshire;Wilmot
New Hampshire;Atkinson
New Hampshire;Auburn
New Hampshire;Brentwood
New Hampshire;Candia
New Hampshire;Chester
New Hampshire;Danville
New Hampshire;Deerfield
New Hampshire;Derry
New Hampshire;East Kingston
New Hampshire;Epping
New Hampshire;Exeter
New Hampshire;Fremont
New Hampshire;Greenland
New Hampshire;Hampstead
New Hampshire;Hampton
New Hampshire;Hampton Falls
New Hampshire;Kensington
New Hampshire;Kingston
New Hampshire;Londonderry
New Hampshire;New Castle
New Hampshire;Newfields
New Hampshire;Newington
New Hampshire;Newmarket
New Hampshire;Newton
New Hampshire;North Hampton
New Hampshire;Northwood
New Hampshire;Nottingham
New Hampshire;Plaistow
New Hampshire;Portsmouth
New Hampshire;Raymond
New Hampshire;Rye
New Hampshire;Salem
New Hampshire;Sandown
New Hampshire;Seabrook
New Hampshire;South Hampton
New Hampshire;Stratham
New Hampshire;Windham
New Hampshire;Barrington
New Hampshire;Dover
New Hampshire;Durham
New Hampshire;Farmington
New Hampshire;Lee
New Hampshire;Madbury
New Hampshire;Middleton
New Hampshire;Milton
New Hampshire;New Durham
New Hampshire;Rochester
New Hampshire;Rollinsford
New Hampshire;Somersworth
New Hampshire;Strafford
New Hampshire;Acworth
New Hampshire;Charlestown
New Hampshire;Claremont
New Hampshire;Cornish
New Hampshire;Croydon
New Hampshire;Goshen
New Hampshire;Grantham
New Hampshire;Langdon
New Hampshire;Lempster
New Hampshire;Newport
New Hampshire;Plainfield
New Hampshire;Springfield
New Hampshire;Sunapee
New Hampshire;Unity
New Hampshire;Washington
North Carolina;Alamance County
North Carolina;Alexander County
North Carolina;Alleghany County
North Carolina;Anson County
North Carolina;Ashe County
North Carolina;Avery County
North Carolina;Beaufort County
North Carolina;Bertie County
North Carolina;Bladen County
North Carolina;Brunswick County
North Carolina;Buncombe County
North Carolina;Burke County
North Carolina;Cabarrus County
North Carolina;Caldwell County
North Carolina;Camden County
North Carolina;Carteret County
North Carolina;Caswell County
North Carolina;Catawba County
North Carolina;Chatham County
North Carolina;Cherokee County
North Carolina;Chowan County
North Carolina;Clay County
North Carolina;Cleveland County
North Carolina;Columbus County
North Carolina;Craven County
North Carolina;Cumberland County
North Carolina;Currituck County
North Carolina;Dare County
North Carolina;Davidson County
North Carolina;Davie County
North Carolina;Duplin County
North Carolina;Durham County
North Carolina;Edgecombe County
North Carolina;Forsyth County
North Carolina;Franklin County
North Carolina;Gaston County
North Carolina;Gates County
North Carolina;Graham County
North Carolina;Granville County
North Carolina;Greene County
North Carolina;Guilford County
North Carolina;Halifax County
North Carolina;Harnett County
North Carolina;Haywood County
North Carolina;Henderson County
North Carolina;Hertford County
North Carolina;Hoke County
North Carolina;Hyde County
North Carolina;Iredell County
North Carolina;Jackson County
North Carolina;Johnston County
North Carolina;Jones County
North Carolina;Lee County
North Carolina;Lenoir County
North Carolina;Lincoln County
North Carolina;McDowell County
North Carolina;Macon County
North Carolina;Madison County
North Carolina;Martin County
North Carolina;Mecklenburg County
North Carolina;Mitchell County
North Carolina;Montgomery County
North Carolina;Moore County
North Carolina;Nash County
North Carolina;New Hanover County
North Carolina;Northampton County
North Carolina;Onslow County
North Carolina;Orange County
North Carolina;Pamlico County
North Carolina;Pasquotank County
North Carolina;Pender County
North Carolina;Perquimans County
North Carolina;Person County
North Carolina;Pitt County
North Carolina;Polk County
North Carolina;Randolph County
North Carolina;Richmond County
North Carolina;Robeson County
North Carolina;Rockingham County
North Carolina;Rowan County
North Carolina;Rutherford County
North Carolina;Sampson County
North Carolina;Scotland County
North Carolina;Stanly County
North Carolina;Stokes County
North Carolina;Surry County
North Carolina;Swain County
North Carolina;Transylvania County
North Carolina;Tyrrell County
North Carolina;Union County
North Carolina;Vance County
North Carolina;Wake County
North Carolina;Warren County
North Carolina;Washington County
North Carolina;Watauga County
North Carolina;Wayne County
North Carolina;Wilkes County
North Carolina;Wilson County
North Carolina;Yadkin County
North Carolina;Yancey County
North Dakota;Adams County
North Dakota;Barnes County
North Dakota;Benson County
North Dakota;Billings County
North Dakota;Bottineau County
North Dakota;Bowman County
North Dakota;Burke County
North Dakota;Burleigh County
North Dakota;Cass County
North Dakota;Cavalier County
North Dakota;Dickey County
North Dakota;Divide County
North Dakota;Dunn County
North Dakota;Eddy County
North Dakota;Emmons County
North Dakota;Foster County
North Dakota;Golden Valley County
North Dakota;Grand Forks County
North Dakota;Grant County
North Dakota;Griggs County
North Dakota;Hettinger County
North Dakota;Kidder County
North Dakota;LaMoure County
North Dakota;Logan County
North Dakota;McHenry County
North Dakota;McIntosh County
North Dakota;McKenzie County
North Dakota;McLean County
North Dakota;Mercer County
North Dakota;Morton County
North Dakota;Mountrail County
North Dakota;Nelson County
North Dakota;Oliver County
North Dakota;Pembina County
North Dakota;Pierce County
North Dakota;Ramsey County
North Dakota;Ransom County
North Dakota;Renville County
North Dakota;Richland County
North Dakota;Rolette County
North Dakota;Sargent County
North Dakota;Sheridan County
North Dakota;Sioux County
North Dakota;Slope County
North Dakota;Stark County
North Dakota;Steele County
North Dakota;Stutsman County
North Dakota;Towner County
North Dakota;Traill County
North Dakota;Walsh County
North Dakota;Ward County
North Dakota;Wells County
North Dakota;Williams County
Utah;Beaver County
Utah;Box Elder County
Utah;Cache County
Utah;Carbon County
Utah;Daggett County
Utah;Davis County
Utah;Duchesne County
Utah;Emery County
Utah;Garfield County
Utah;Grand County
Utah;Iron County
Utah;Juab County
Utah;Kane County
Utah;Millard County
Utah;Morgan County
Utah;Piute County
Utah;Rich County
Utah;Salt Lake County
Utah;San Juan County
Utah;Sanpete County
Utah;Sevier County
Utah;Summit County
Utah;Tooele County
Utah;Uintah County
Utah;Utah County
Utah;Wasatch County
Utah;Washington County
Utah;Wayne County
Utah;Weber County
Vermont;Jamaica
Vermont;Jay
Vermont;Jericho
Vermont;Johnson
Vermont;Kirby
Vermont;Landgrove
Vermont;Leicester
Vermont;Lemington
Vermont;Lincoln
Vermont;Londonderry
Vermont;Barnet
Vermont;Lowell
Vermont;Ludlow
Vermont;Lunenburg
Vermont;Lyndon
Vermont;Maidstone
Vermont;Manchester
Vermont;Marlboro
Vermont;Marshfield
Vermont;Mendon
Vermont;Middlebury
Vermont;Barre
Vermont;Middlesex
Vermont;Middletown Springs
Vermont;Milton
Vermont;Monkton
Vermont;Montgomery
Vermont;Montpelier
Vermont;Moretown
Vermont;Morgan
Vermont;Morristown
Vermont;Mount Holly
Vermont;Barre Town
Vermont;Mount Tabor
Vermont;Newark
Vermont;Newbury
Vermont;Newfane
Vermont;New Haven
Vermont;Newport
Vermont;Newport Town
Vermont;Northfield
Vermont;North Hero
Vermont;Norton
Vermont;Barton
Vermont;Norwich
Vermont;Orange
Vermont;Orwell
Vermont;Panton
Vermont;Pawlet
Vermont;Peacham
Vermont;Peru
Vermont;Pittsfield
Vermont;Pittsford
Vermont;Plainfield
Vermont;Belvidere
Vermont;Plymouth
Vermont;Pomfret
Vermont;Poultney
Vermont;Pownal
Vermont;Proctor
Vermont;Putney
Vermont;Randolph
Vermont;Reading
Vermont;Readsboro
Vermont;Richford
Vermont;Bennington
Vermont;Richmond
Vermont;Ripton
Vermont;Rochester
Vermont;Rockingham
Vermont;Roxbury
Vermont;Royalton
Vermont;Rupert
Vermont;Rutland
Vermont;Rutland Town
Vermont;Ryegate
Vermont;Benson
Vermont;St. Albans
Vermont;St. Albans Town
Vermont;St. George
Vermont;St. Johnsbury
Vermont;Salisbury
Vermont;Sandgate
Vermont;Searsburg
Vermont;Shaftsbury
Vermont;Sharon
Vermont;Sheffield
Vermont;Berkshire
Vermont;Shelburne
Vermont;Sheldon
Vermont;Killington
Vermont;Shoreham
Vermont;Shrewsbury
Vermont;South Burlington
Vermont;South Hero
Vermont;Springfield
Vermont;Stamford
Vermont;Stannard
Vermont;Berlin
Vermont;Starksboro
Vermont;Stockbridge
Vermont;Stowe
Vermont;Strafford
Vermont;Stratton
Vermont;Sudbury
Vermont;Sunderland
Vermont;Sutton
Vermont;Swanton
Vermont;Thetford
Vermont;Bethel
Vermont;Addison
Vermont;Tinmouth
Vermont;Topsham
Vermont;Townshend
Vermont;Troy
Vermont;Tunbridge
Vermont;Underhill
Vermont;Vergennes
Vermont;Vernon
Vermont;Vershire
Vermont;Victory
Vermont;Bloomfield
Vermont;Waitsfield
Vermont;Walden
Vermont;Wallingford
Vermont;Waltham
Vermont;Wardsboro
Vermont;Warren
Vermont;Washington
Vermont;Waterbury
Vermont;Waterford
Vermont;Waterville
Vermont;Bolton
Vermont;Weathersfield
Vermont;Wells
Vermont;West Fairlee
Vermont;Westfield
Vermont;Westford
Vermont;West Haven
Vermont;Westminster
Vermont;Westmore
Vermont;Weston
Vermont;West Rutland
Vermont;Bradford
Vermont;West Windsor
Vermont;Weybridge
Vermont;Wheelock
Vermont;Whiting
Vermont;Whitingham
Vermont;Williamstown
Vermont;Williston
Vermont;Wilmington
Vermont;Windham
Vermont;Windsor
Vermont;Braintree
Vermont;Winhall
Vermont;Winooski
Vermont;Wolcott
Vermont;Woodbury
Vermont;Woodford
Vermont;Woodstock
Vermont;Worcester
Vermont;Brandon
Vermont;Brattleboro
Vermont;Bridgewater
Vermont;Bridport
Vermont;Brighton
Vermont;Bristol
Vermont;Albany
Vermont;Brookfield
Vermont;Brookline
Vermont;Brownington
Vermont;Brunswick
Vermont;Burke
Vermont;Burlington
Vermont;Cabot
Vermont;Calais
Vermont;Cambridge
Vermont;Canaan
Vermont;Alburgh
Vermont;Castleton
Vermont;Cavendish
Vermont;Charleston
Vermont;Charlotte
Vermont;Chelsea
Vermont;Chester
Vermont;Chittenden
Vermont;Clarendon
Vermont;Colchester
Vermont;Concord
Vermont;Andover
Vermont;Corinth
Vermont;Cornwall
Vermont;Coventry
Vermont;Craftsbury
Vermont;Danby
Vermont;Danville
Vermont;Derby
Vermont;Dorset
Vermont;Dover
Vermont;Dummerston
Vermont;Arlington
Vermont;Duxbury
Vermont;East Haven
Vermont;East Montpelier
Vermont;Eden
Vermont;Elmore
Vermont;Enosburgh
Vermont;Essex
Vermont;Fairfax
Vermont;Fairfield
Vermont;Fair Haven
Vermont;Athens
Vermont;Fairlee
Vermont;Fayston
Vermont;Ferrisburg
Vermont;Fletcher
Vermont;Franklin
Vermont;Georgia
Vermont;Glover
Vermont;Goshen
Vermont;Grafton
Vermont;Granby
Vermont;Bakersfield
Vermont;Grand Isle
Vermont;Granville
Vermont;Greensboro
Vermont;Groton
Vermont;Guildhall
Vermont;Guilford
Vermont;Halifax
Vermont;Hancock
Vermont;Hardwick
Vermont;Hartford
Vermont;Baltimore
Vermont;Hartland
Vermont;Highgate
Vermont;Hinesburg
Vermont;Holland
Vermont;Hubbardton
Vermont;Huntington
Vermont;Hyde Park
Vermont;Ira
Vermont;Irasburg
Vermont;Isle La Motte
Vermont;Barnard
Washington;Adams County
Washington;Asotin County
Washington;Benton County
Washington;Chelan County
Washington;Clallam County
Washington;Clark County
Washington;Columbia County
Washington;Cowlitz County
Washington;Douglas County
Washington;Ferry County
Washington;Franklin County
Washington;Garfield County
Washington;Grant County
Washington;Grays Harbor County
Washington;Island County
Washington;Jefferson County
Washington;King County
Washington;Kitsap County
Washington;Kittitas County
Washington;Klickitat County
Washington;Lewis County
Washington;Lincoln County
Washington;Mason County
Washington;Okanogan County
Washington;Pacific County
Washington;Pend Oreille County
Washington;Pierce County
Washington;San Juan County
Washington;Skagit County
Washington;Skamania County
Washington;Snohomish County
Washington;Spokane County
Washington;Stevens County
Washington;Thurston County
Washington;Wahkiakum County
Washington;Walla Walla County
Washington;Whatcom County
Washington;Whitman County
Washington;Yakima County
West Virginia;Barbour County
West Virginia;Berkeley County
West Virginia;Boone County
West Virginia;Braxton County
West Virginia;Brooke County
West Virginia;Cabell County
West Virginia;Calhoun County
West Virginia;Clay County
West Virginia;Doddridge County
West Virginia;Fayette County
West Virginia;Gilmer County
West Virginia;Grant County
West Virginia;Greenbrier County
West Virginia;Hampshire County
West Virginia;Hancock County
West Virginia;Hardy County
West Virginia;Harrison County
West Virginia;Jackson County
West Virginia;Jefferson County
West Virginia;Kanawha County
West Virginia;Lewis County
West Virginia;Lincoln County
West Virginia;Logan County
West Virginia;McDowell County
West Virginia;Marion County
West Virginia;Marshall County
West Virginia;Mason County
West Virginia;Mercer County
West Virginia;Mineral County
West Virginia;Mingo County
West Virginia;Monongalia County
West Virginia;Monroe County
West Virginia;Morgan County
West Virginia;Nicholas County
West Virginia;Ohio County
West Virginia;Pendleton County
West Virginia;Pleasants County
West Virginia;Pocahontas County
West Virginia;Preston County
West Virginia;Putnam County
West Virginia;Raleigh County
West Virginia;Randolph County
West Virginia;Ritchie County
West Virginia;Roane County
West Virginia;Summers County
West Virginia;Taylor County
West Virginia;Tucker County
West Virginia;Tyler County
West Virginia;Upshur County
West Virginia;Wayne County
West Virginia;Webster County
West Virginia;Wetzel County
West Virginia;Wirt County
West Virginia;Wood County
West Virginia;Wyoming County